{"IcoMoonType":"selection","icons":[{"icon":{"paths":["M150.016 873.984c-96.436-93.233-156.308-223.762-156.308-368.276 0-282.77 229.23-512 512-512 144.514 0 275.043 59.872 368.137 156.164l0.138 0.144c88.925 91.979 143.724 217.436 143.724 355.692 0 282.77-229.23 512-512 512-138.256 0-263.713-54.799-355.836-143.863l0.144 0.138zM460.8 563.2v204.8h102.4v-307.2h-102.4v102.4zM460.8 256v102.4h102.4v-102.4h-102.4z"],"attrs":[{}],"isMulticolor":false,"isMulticolor2":false,"tags":["information-solid"],"grid":20},"attrs":[{}],"properties":{"order":1,"id":0,"prevSize":20,"code":59648,"name":"information-solid"},"setIdx":0,"setId":2,"iconIdx":0},{"icon":{"paths":["M1024 608l-192-192v-288h-128v160l-192-192-512 512v32h128v320h320v-192h128v192h320v-320h128z"],"tags":["home","house"],"defaultCode":59650,"grid":16,"attrs":[]},"attrs":[],"properties":{"ligatures":"home3, house3","name":"home3","order":2,"id":3,"prevSize":32,"code":59650},"setIdx":1,"setId":1,"iconIdx":2},{"icon":{"paths":["M864 0h-768c-52.8 0-96 43.2-96 96v832c0 52.8 43.2 96 96 96h768c52.8 0 96-43.2 96-96v-832c0-52.8-43.2-96-96-96zM832 896h-704v-768h704v768zM256 448h448v64h-448zM256 576h448v64h-448zM256 704h448v64h-448zM256 320h448v64h-448z"],"tags":["file-text","file","document","list","paper"],"defaultCode":59682,"grid":16,"attrs":[]},"attrs":[],"properties":{"ligatures":"file-text, file","name":"file-text","order":7,"id":35,"prevSize":32,"code":59682},"setIdx":1,"setId":1,"iconIdx":34},{"icon":{"paths":["M64 192h896v192h-896zM64 448h896v192h-896zM64 704h896v192h-896z"],"tags":["menu","list","options","lines","hamburger"],"defaultCode":59837,"grid":16,"attrs":[]},"attrs":[],"properties":{"ligatures":"menu, list3","name":"menu","order":4,"id":190,"prevSize":32,"code":59837},"setIdx":1,"setId":1,"iconIdx":189},{"icon":{"paths":["M736 32l-224 192 288 192 224-192z","M512 224l-224-192-288 192 224 192z","M800 416l224 192-288 160-224-192z","M512 576l-288-160-224 192 288 160z","M728.156 845.57l-216.156-185.278-216.158 185.278-135.842-75.468v93.898l352 160 352-160v-93.898z"],"tags":["dropbox","brand"],"defaultCode":60078,"grid":16,"attrs":[]},"attrs":[],"properties":{"ligatures":"dropbox, brand38","name":"dropbox","order":8,"id":431,"prevSize":32,"code":60078},"setIdx":1,"setId":1,"iconIdx":430}],"height":1024,"metadata":{"name":"icomoon"},"preferences":{"showGlyphs":true,"showQuickUse":true,"showQuickUse2":true,"showSVGs":true,"fontPref":{"prefix":"icon-","metadata":{"fontFamily":"icomoon"},"metrics":{"emSize":1024,"baseline":6.25,"whitespace":50},"embed":false},"imagePref":{"prefix":"icon-","png":true,"useClassSelector":true,"color":0,"bgColor":16777215,"classSelector":".icon"},"historySize":50,"showCodes":true,"gridSize":16}}